India,assets/flags/0-india.png,725
Italy,assets/flags/0-italy.png,726
Paraguay,assets/flags/001-paraguay.png,727
Senegal,assets/flags/002-senegal.png,728
Estonia,assets/flags/004-estonia.png,729
Georgia,assets/flags/005-georgia.png,730
Ghana,assets/flags/006-ghana.png,731
Jersey,assets/flags/007-jersey.png,732
Madagascar,assets/flags/008-madagascar.png,733
Malawi,assets/flags/009-malawi.png,734
Mongolia,assets/flags/010-mongolia.png,735
China,assets/flags/011-china.png,736
Nepal,assets/flags/012-nepal.png,737
Samoa,assets/flags/013-samoa.png,738
Haiti,assets/flags/014-haiti.png,739
Lesotho,assets/flags/017-lesotho.png,740
Rwanda,assets/flags/018-rwanda.png,741
Zimbabwe,assets/flags/019-zimbabwe.png,742
Brazil,assets/flags/022-brazil.png,743
Swaziland,assets/flags/024-swaziland.png,744
Tajikistan,assets/flags/025-tajikistan.png,745
Madeira,assets/flags/028-madeira.png,746
Maldives,assets/flags/029-maldives.png,747
Moldova,assets/flags/030-moldova.png,748
Montenegro,assets/flags/031-montenegro.png,749
Mexico,assets/flags/033-mexico.png,750
Tibet,assets/flags/034-tibet.png,751
Libya,assets/flags/036-libya.png,752
Nato,assets/flags/037-nato.png,753
Sudan,assets/flags/040-sudan.png,754
Uzbekistán,assets/flags/041-uzbekistán.png,755
Yemen,assets/flags/042-yemen.png,756
Liberia,assets/flags/043-liberia.png,757
Russia,assets/flags/044-russia.png,758
Liechtenstein,assets/flags/045-liechtenstein.png,759
Curacao,assets/flags/049-curacao.png,760
Djibouti,assets/flags/050-djibouti.png,761
Eritrea,assets/flags/051-eritrea.png,762
Kyrgyzstan,assets/flags/053-kyrgyzstan.png,763
Mali,assets/flags/054-mali.png,764
Micronesia,assets/flags/057-micronesia.png,765
Niger,assets/flags/058-niger.png,766
Sardinia,assets/flags/061-sardinia.png,767
Bhutan,assets/flags/062-bhutan.png,768
Somalia,assets/flags/063-somalia.png,769
Suriname,assets/flags/064-suriname.png,770
Canada,assets/flags/066-canada.png,771
Bahamas,assets/flags/067-bahamas.png,772
Togo,assets/flags/068-togo.png,773
Turkmenistan,assets/flags/069-turkmenistan.png,774
Tuvalu,assets/flags/070-tuvalu.png,775
Austria,assets/flags/072-austria.png,776
Gabon,assets/flags/075-gabon.png,777
Gibraltar,assets/flags/076-gibraltar.png,778
Netherlands,assets/flags/077-netherlands.png,779
Greenland,assets/flags/078-greenland.png,780
Grenada,assets/flags/079-grenada.png,781
Guam,assets/flags/080-guam.png,782
Guernsey,assets/flags/081-guernsey.png,783
Guyana,assets/flags/082-guyana.png,784
Kiribati,assets/flags/083-kiribati.png,785
Kuwait,assets/flags/084-kuwait.png,786
Mauritania,assets/flags/085-mauritania.png,787
Melilla,assets/flags/086-melilla.png,788
Montserrat,assets/flags/087-montserrat.png,789
Thailand,assets/flags/088-thailand.png,790
Nauru,assets/flags/089-nauru.png,791
Ossetia,assets/flags/091-ossetia.png,792
Palestine,assets/flags/092-palestine.png,793
Portugal,assets/flags/098-portugal.png,794
Somaliland,assets/flags/100-somaliland.png,795
Gambia,assets/flags/103-gambia.png,796
Tokelau,assets/flags/104-tokelau.png,797
Transnistria,assets/flags/105-transnistria.png,798
Guinea,assets/flags/108-guinea.png,799
Vietnam,assets/flags/109-vietnam.png,800
Kosovo,assets/flags/111-kosovo.png,801
Seychelles,assets/flags/112-seychelles.png,802
Vanuatu,assets/flags/114-vanuatu.png,803
Dominica,assets/flags/115-dominica.png,804
Fiji,assets/flags/117-fiji.png,805
Macao,assets/flags/118-macao.png,806
Niue,assets/flags/119-niue.png,807
Palau,assets/flags/120-palau.png,808
England,assets/flags/121-england.png,809
Tonga,assets/flags/124-tonga.png,810
Martinique,assets/flags/125-martinique.png,811
Bulgaria,assets/flags/127-bulgaria.png,812
Croatia,assets/flags/128-croatia.png,813
Bolivia,assets/flags/129-bolivia.png,814
Cambodia,assets/flags/130-cambodia.png,815
Singapore,assets/flags/132-singapore.png,816
Cuba,assets/flags/133-cuba.png,817
Bangladesh,assets/flags/134-bangladesh.png,818
Botswana,assets/flags/135-botswana.png,819
Algeria,assets/flags/136-Algeria.png,820
Azerbaijan,assets/flags/137-azerbaijan.png,821
Angola,assets/flags/138-angola.png,822
Afghanistan,assets/flags/140-afghanistan.png,823
Armenia,assets/flags/141-armenia.png,824
Australia,assets/flags/143-australia.png,825
Albania,assets/flags/145-albania.png,826
Bahrain,assets/flags/146-bahrain.png,827
Belize,assets/flags/147-belize.png,828
Bermuda,assets/flags/148-bermuda.png,829
Barbados,assets/flags/151-barbados.png,830
Belarus,assets/flags/152-belarus.png,831
Bonaire,assets/flags/153-bonaire.png,832
Turkey,assets/flags/154-turkey.png,833
Brunei,assets/flags/155-brunei.png,834
Cameroon,assets/flags/156-cameroon.png,835
Burundi,assets/flags/159-burundi.png,836
Andorra,assets/flags/160-andorra.png,837
Abkhazia,assets/flags/162-abkhazia.png,838
Aruba,assets/flags/163-aruba.png,839
Benin,assets/flags/164-benin.png,840
Poland,assets/flags/165-poland.png,841
Chad,assets/flags/167-chad.png,842
Bhutan,assets/flags/168-bhutan.png,843
Comoros,assets/flags/172-comoros.png,844
Corsica,assets/flags/174-corsica.png,845
Anguilla,assets/flags/175-anguilla.png,846
Switzerland,assets/flags/176-switzerland.png,847
Ceuta,assets/flags/178-ceuta.png,848
Morocco,assets/flags/182-morocco.png,849
Taiwan,assets/flags/183-taiwan.png,850
Egypt,assets/flags/184-egypt.png,851
Indonesia,assets/flags/185-indonesia.png,852
Philippines,assets/flags/187-philippines.png,853
Peru,assets/flags/189-peru.png,854
Sweden,assets/flags/190-sweden.png,855
Denmark,assets/flags/191-denmark.png,856
Greece,assets/flags/192-greece.png,857
Ireland,assets/flags/193-ireland.png,858
Laos,assets/flags/194-laos.png,859
France,assets/flags/197-france.png,860
Ukraine,assets/flags/198-ukraine.png,861
Argentina,assets/flags/199-argentina.png,862
Iran,assets/flags/200-iran.png,863
Colombia,assets/flags/201-colombia.png,864
Israel,assets/flags/203-israel.png,865
Norway,assets/flags/205-norway.png,866
Venezuela,assets/flags/206-venezuela.png,867
Malaysia,assets/flags/207-malaysia.png,868
Germany,assets/flags/208-germany.png,869
Belgium,assets/flags/209-belgium.png,870
Hungary,assets/flags/210-hungary.png,871
Finland,assets/flags/211-finland.png,872
Chile,assets/flags/212-chile.png,873
Romania,assets/flags/213-romania.png,874
Ecuador,assets/flags/214-ecuador.png,875
Panama,assets/flags/216-panama.png,876
Slovakia,assets/flags/218-slovakia.png,877
Monaco,assets/flags/220-monaco.png,878
Jordan,assets/flags/221-jordan.png,879
Iceland,assets/flags/222-iceland.png,880
Guatemala,assets/flags/223-guatemala.png,881
Syria,assets/flags/224-syria.png,882
Uruguay,assets/flags/225-uruguay.png,883
Scotland,assets/flags/227-scotland.png,884
Serbia,assets/flags/228-serbia.png,885
Kazakhstan,assets/flags/229-kazakhstan.png,886
Spain,assets/flags/230-spain.png,887
Latvia,assets/flags/231-latvia.png,888
Pakistan,assets/flags/232-pakistan.png,889
Cyprus,assets/flags/233-cyprus.png,890
Kenya,assets/flags/234-kenya.png,891
Myanmar,assets/flags/235-myanmar.png,892
Honduras,assets/flags/236-honduras.png,893
Jamaica,assets/flags/237-jamaica.png,894
Lithuania,assets/flags/238-lithuania.png,895
Hawaii,assets/flags/239-hawaii.png,896
Luxembourg,assets/flags/240-luxembourg.png,897
Japan,assets/flags/241-japan.png,898
Mauritius,assets/flags/242-mauritius.png,899
Namibia,assets/flags/243-namibia.png,900
Qatar,assets/flags/244-qatar.png,901
Wales,assets/flags/246-wales.png,902
Zambia,assets/flags/247-zambia.png,903
Nicaragua,assets/flags/249-nicaragua.png,904
Tunisia,assets/flags/250-tunisia.png,905
Malta,assets/flags/251-malta.png,906
Nigeria,assets/flags/253-nigeria.png,907
Uganda,assets/flags/254-uganda.png,908
Lebanon,assets/flags/255-lebanon.png,909
Iraq,assets/flags/256-iraq.png,910
Mozambique,assets/flags/257-mozambique.png,911
Slovenia,assets/flags/259-slovenia.png,912
Tanzania,assets/flags/260-tanzania.png,913
Oman,assets/flags/261-oman.png,914
Ethiopia,assets/flags/262-ethiopia.png,915
